<?xml version="1.0" encoding="UTF-8"?>
<templates id="template" xml:space="preserve">
    <t t-name="allure_backend_theme.ProjectControlPanel" t-inherit="project.ProjectControlPanel.Regular" t-inherit-mode="extension" owl="1">
        <xpath expr="//t[@t-if='env.config.viewSwitcherEntries.length > 1']" position="replace" />
        <xpath expr="//div[hasclass('o_search_options')]" position="replace" />
        <xpath expr="//div[hasclass('o_cp_top_right')]" position="after">
            <div class="btn-group o_search_options position-static o_hidden" role="search">
                <t t-foreach="searchMenus" t-as="menu" t-key="menu.key">
                    <t t-component="menu.Component" />
                </t>
            </div>
            <!-- <nav t-if="env.config.viewSwitcherEntries.length > 1" class="btn-group o_cp_switch_buttons" role="toolbar" aria-label="View switcher">
                <t t-foreach="env.config.viewSwitcherEntries" t-as="view" t-key="view.type" t-if="view.active">
                    <button class="btn btn-link btn-sm" data-toggle="dropdown" aria-expanded="false">
                        <span t-attf-class="btn btn-secondary fa fa-lg o_switch_view o_{{ view.type }} {{ view.icon }}"></span>
                    </button>
                </t>
                <ul class="dropdown-menu dropdown-menu-right list-inline">
                    <t t-foreach="env.config.viewSwitcherEntries" t-as="view" t-key="view.type">
                        <div class="oe_view_btn">
                            <button class="btn btn-light fa fa-lg o_switch_view " t-attf-class="o_{{view.type}} {{view.icon}} {{view.active ? 'active' : ''}}" t-att-data-tooltip="view.name" t-on-click="() => this.onViewClicked(view.type)">
                                <t t-esc="view.type" /></button>
                        </div>
                    </t>
                </ul>
            </nav> -->
            <t t-if="(env.config.viewSwitcherEntries or []).length">
                <nav t-if="env.config.viewSwitcherEntries.length gt 1" class="btn-group o_cp_switch_buttons" role="toolbar" aria-label="View switcher">
                    <t t-foreach="env.config.viewSwitcherEntries" t-as="view" t-key="view.type" t-if="view.active">
                        <button class="btn btn-link btn-sm" t-on-click="() => this._onShowDropdown(this)" data-toggle="dropdown" aria-expanded="false">
                            <span t-attf-class="btn btn-secondary fa fa-lg o_switch_view o_{{ view.type }} {{ view.icon }}"></span>
                        </button>
                    </t>
                    <ul class="dropdown-menu dropdown-menu-right list-inline">
                        <div class="oe_view_btn">
                            <t t-foreach="env.config.viewSwitcherEntries" t-as="view" t-key="view.type">
                                <button class="btn btn-light fa-lg o_switch_view"
                                    t-attf-class="o_{{view.type}} {{view.icon}} {{view.active ? 'active' : ''}}"
                                    t-att-data-tooltip="view.name"
                                    t-on-click="() => this.onViewClicked(view.type)"
                                />
                            </t>
                        </div>
                    </ul>
                </nav>
            </t>
        </xpath>
    </t>
    <t t-name="allure_backend_theme.ProjectControlPanel.Small" t-inherit="project.ProjectControlPanel.Small" t-inherit-mode="extension" owl="1">
        <xpath expr="//t[@t-if='env.config.viewSwitcherEntries.length > 1']" position="replace" />
        <!-- <xpath expr="//div[hasclass('o_search_options')]" position="replace" /> -->
        <xpath expr="//div[hasclass('o_cp_top')]" position="after">
            <t t-if="(env.config.viewSwitcherEntries or []).length">
                <nav t-if="env.config.viewSwitcherEntries.length > 1" class="btn-group o_cp_switch_buttons" role="toolbar" aria-label="View switcher">
                    <t t-foreach="env.config.viewSwitcherEntries" t-as="view" t-key="view.type" t-if="view.active">
                        <button class="btn btn-link btn-sm" t-on-click="() => this._onShowDropdown(this)" data-toggle="dropdown" aria-expanded="false">
                            <span t-attf-class="btn btn-secondary fa fa-lg o_switch_view o_{{ view.type }} {{ view.icon }}"></span>
                        </button>
                    </t>
                    <ul class="dropdown-menu dropdown-menu-right list-inline">
                        <div class="oe_view_btn">
                            <t t-foreach="env.config.viewSwitcherEntries" t-as="view" t-key="view.type">
                                <button class="btn btn-light fa-lg o_switch_view"
                                    t-attf-class="o_{{view.type}} {{view.icon}} {{view.active ? 'active' : ''}}"
                                    t-att-data-tooltip="view.name"
                                    t-on-click="() => this.onViewClicked(view.type)"
                                />
                            </t>
                        </div>
                    </ul>
                </nav>
            </t>
        </xpath>
        <xpath expr="//button[hasclass('o_enable_searchview')]" position="attributes">
            <attribute name="t-on-click">() => state.showMobileSearch = !state.showMobileSearch</attribute>
        </xpath>
    </t>
</templates>