<?xml version="1.0" encoding="utf-8"?>
<odoo>
    <data noupdate="1">

        <record id="acs_laboratory_sample_sequence" model="ir.sequence">
            <field name="name">Laboratory Sample</field>
            <field name="code">acs.patient.laboratory.sample</field>
            <field name="prefix">LS</field>
            <field name="padding">3</field>
            <field name="acs_auto_create" eval="True"/>
            <field name="company_id" eval="False"/>
        </record>

        <record id="seq_laboratory_request_sequence" model="ir.sequence">
            <field name="name">Laboratory Request</field>
            <field name="code">acs.laboratory.request</field>
            <field name="prefix">LR</field>
            <field name="padding">3</field>
            <field name="acs_auto_create" eval="True"/>
            <field name="company_id" eval="False"/>
        </record>

        <record id="seq_patient_laboratory_test" model="ir.sequence">
            <field name="name">Patient Laboratory Test</field>
            <field name="code">patient.laboratory.test</field>
            <field name="prefix">RLR</field>
            <field name="padding">3</field>
            <field name="acs_auto_create" eval="True"/>
            <field name="company_id" eval="False"/>
        </record>

        <record id="base.main_company" model="res.company" >
            <field name="laboratory_usage_location_id" ref="stock.stock_location_customers"/>
            <field name="laboratory_stock_location_id" ref="stock.stock_location_stock"/>
        </record>

        <!-- Lab-related subtypes for messaging / Chatter -->
        <record id="mt_lab_test_done" model="mail.message.subtype">
            <field name="name">Lab Test is Done</field>
            <field name="res_model">patient.laboratory.test</field>
            <field name="default" eval="False"/>
            <field name="description">Lab Test is Done</field>
        </record>

    </data>
</odoo>
