<?xml version="1.0" encoding="utf-8"?>
<odoo>
    <data noupdate="1">

        <record id="acs_hms_lab_service_0" model="product.product">
            <field name="name">Hemogram</field>
            <field name="type">service</field>
            <field name="hospital_product_type">pathology</field>
            <field name="list_price">100.0</field>
            <field name="standard_price">100.0</field>       
        </record>

        <record id="acs_lab_test_hemogram" model="acs.lab.test">
            <field name="name">Hemogram</field>
            <field name="code">HEMOGRAM</field>
            <field name="product_id" ref="acs_hms_lab_service_0"/>
            <field name="sample_type_id" ref="acs_laboratory_sample_type_blood"/>
        </record>

        <record id="lab_test_criteria_01" model="lab.test.critearea">
            <field name="name">BLOOD COUNT</field>
            <field name="display_type">line_section</field>
            <field name="test_id" ref="acs_lab_test_hemogram"/>
        </record>

        <record id="lab_test_criteria_02" model="lab.test.critearea">
            <field name="name">Hemoglobin</field>
            <field name="normal_range_male">12-18</field>
            <field name="normal_range_female">12-18</field>
            <field name="lab_uom_id" ref="acs_lab_uom_01"/>
            <field name="test_id" ref="acs_lab_test_hemogram"/>
        </record>

        <record id="lab_test_criteria_03" model="lab.test.critearea">
            <field name="name">Total WBC Count</field>
            <field name="normal_range_male">4000-10000</field>
            <field name="normal_range_female">4000-10000</field>
            <field name="lab_uom_id" ref="acs_lab_uom_03"/>
            <field name="test_id" ref="acs_lab_test_hemogram"/>
        </record>

        <record id="lab_test_criteria_04" model="lab.test.critearea">
            <field name="name">Polymorphs</field>
            <field name="normal_range_male">60-70</field>
            <field name="normal_range_female">60-70</field>
            <field name="lab_uom_id" ref="acs_lab_uom_00"/>
            <field name="test_id" ref="acs_lab_test_hemogram"/>
        </record>

        <record id="lab_test_criteria_05" model="lab.test.critearea">
            <field name="name">Lymphocytes</field>
            <field name="normal_range_male">23-40</field>
            <field name="normal_range_female">23-40</field>
            <field name="lab_uom_id" ref="acs_lab_uom_00"/>
            <field name="test_id" ref="acs_lab_test_hemogram"/>
        </record>

        <record id="lab_test_criteria_06" model="lab.test.critearea">
            <field name="name">Monocytes</field>
            <field name="normal_range_male">01-04</field>
            <field name="normal_range_female">01-04</field>
            <field name="lab_uom_id" ref="acs_lab_uom_00"/>
            <field name="test_id" ref="acs_lab_test_hemogram"/>
        </record>

        <record id="lab_test_criteria_07" model="lab.test.critearea">
            <field name="name">RCB Count</field>
            <field name="normal_range_male">4.20-6.30</field>
            <field name="normal_range_female">4.20-6.30</field>
            <field name="lab_uom_id" ref="acs_lab_uom_20"/>
            <field name="test_id" ref="acs_lab_test_hemogram"/>
        </record>

        <record id="lab_test_criteria_08" model="lab.test.critearea">
            <field name="name">Platelate Count</field>
            <field name="normal_range_male">1.5-4.5</field>
            <field name="normal_range_female">1.5-4.5</field>
            <field name="lab_uom_id" ref="acs_lab_uom_03"/>
            <field name="test_id" ref="acs_lab_test_hemogram"/>
        </record>

        <record id="lab_test_criteria_09" model="lab.test.critearea">
            <field name="name">BLOOD INDICES</field>
            <field name="display_type">line_section</field>
            <field name="test_id" ref="acs_lab_test_hemogram"/>
        </record>

        <record id="lab_test_criteria_10" model="lab.test.critearea">
            <field name="name">HCT</field>
            <field name="normal_range_male">37-51</field>
            <field name="normal_range_female">37-51</field>
            <field name="lab_uom_id" ref="acs_lab_uom_00"/>
            <field name="test_id" ref="acs_lab_test_hemogram"/>
        </record>

        <record id="lab_test_criteria_11" model="lab.test.critearea">
            <field name="name">MVC</field>
            <field name="normal_range_male">80-97</field>
            <field name="normal_range_female">80-97</field>
            <field name="lab_uom_id" ref="acs_lab_uom_00"/>
            <field name="test_id" ref="acs_lab_test_hemogram"/>
        </record>

        <record id="lab_test_criteria_12" model="lab.test.critearea">
            <field name="name">MCHC</field>
            <field name="normal_range_male">31-36</field>
            <field name="normal_range_female">31-36</field>
            <field name="lab_uom_id" ref="acs_lab_uom_01"/>
            <field name="test_id" ref="acs_lab_test_hemogram"/>
        </record>

    </data>
</odoo>