<?xml version="1.0" encoding="utf-8"?>
<odoo>
    <data noupdate="0">

        <record id="acs_lab_req_email" model="mail.template">
            <field name="name">Lab Request</field>
            <field name="email_from">{{  user.email }}</field>
            <field name="email_to">{{ object.laboratory_id.email }}</field>
            <field name="subject">Laboratory Test Request: {{ object.name }}</field>
            <field name="model_id" ref="acs_laboratory.model_acs_laboratory_request"/>
            <field name="report_template" ref="acs_laboratory.action_report_acs_lab_prescription"/>
            <field name="report_name">{{ (object.name or '').replace('/','_') }}</field>
            <field name="lang">{{ object.laboratory_id.lang }}</field>
            <field name="body_html" type="html">
<div style="padding:0px;margin:auto;background: #FFFFFF repeat top /100%;color:#777777">
    <p>Hello <t t-out="object.laboratory_id.name"/>,</p><br/>
    <p>We will like to perform lab tests requested in the attached document in your laboratory and revert-us back on this mail with findings.</p><br/>
    <ul>
        <li>
            <p>Reference Number: <t t-out="object.name"/></p>
        </li>
        <li t-if="object.patient_id">
            <p>Patient: <t t-out="object.patient_id.name"/></p>
        </li>
        <li t-if="object.physician_id">
            <p>Prescribed By: <t t-out="object.physician_id.name"/></p>
        </li>
        <li>
            <p>Prescription Date: <t t-out="object.date.date()"/></p>
        </li>
    </ul>

    <p>Please feel free to call anytime for further information or any query.</p>

    <p>Best regards.</p><br/>
</div>
                </field>
        </record>


        <record id="acs_lab_test_email" model="mail.template">
            <field name="name">Lab Test Result</field>
            <field name="email_from">{{  user.email }}</field>
            <field name="email_to">{{ object.patient_id.email }}</field>
            <field name="subject">Laboratory Test Request: {{ object.name }}</field>
            <field name="model_id" ref="acs_laboratory.model_patient_laboratory_test"/>
            <field name="report_template" ref="acs_laboratory.action_report_acs_lab_test"/>
            <field name="report_name">{{ (object.name or '').replace('/','_') }}</field>
            <field name="lang">{{ object.patient_id.lang }}</field>
            <field name="body_html" type="html">
<div style="padding:0px;margin:auto;background: #FFFFFF repeat top /100%;color:#777777">
    <p>Hello <t t-out="object.patient_id.name"/>,</p><br/>
    <p>We have attached the results of the lab tests requested from our laboratory. Please find the attached lab result report.</p><br/>
    <ul>
        <li>
            <p>Reference Number: <t t-out="object.name"/></p>
        </li>
        <li t-if="object.patient_id">
            <p>Patient: <t t-out="object.patient_id.name"/></p>
        </li>
        <li t-if="object.request_id">
            <p>Lab Request Reference: <t t-out="object.request_id.name"/></p>
        </li>
        <li t-if="object.test_id">
            <p>Lab Test: <t t-out="object.test_id.name"/></p>
        </li>
        <li t-if="object.physician_id">
            <p>Prescribed By: <t t-out="object.physician_id.name"/></p>
        </li>
        <li>
            <p>Test Date: <t t-out="object.date_analysis"/></p>
        </li>
        <li>
            <p>Responsible: <t t-out="object.user_id.name"/></p>
        </li>
    </ul>

    <p>Please feel free to call anytime for further information or any query.</p>

    <p>Best regards.</p><br/>
</div>
                </field>
        </record>
        
    </data>
</odoo>
